<?xml version="1.0" encoding="utf-8"?>
<!DOCTYPE install SYSTEM "http://dev.joomla.org/xml/1.5/component-install.dtd">
<install type="component" version="1.5.0">
    <!-- Name of the Component -->
        <name>evnine</name>
    <!-- Name of the Author -->
        <author>ev9eniy.info</author>
    <!-- Version Date of the Component -->
        <creationDate>2011-05-28</creationDate>
    <!-- Copyright information -->
        <copyright>ev9eniy.info</copyright>
    <!-- License Information -->
        <license>ev9eniy.info</license>
    <!-- Author's email address -->
        <authorEmail>ev9eniy.freelance@gmail.com</authorEmail>
    <!-- Author's website -->
        <authorUrl>www.ev9eniy.info</authorUrl>
    <!-- Component version number -->
        <version>1.0.0</version>
    <!-- Description of what the Component does -->
        <description>evnine DSL controller</description>
    <!-- Listing of all files that should be installed for the Component to function -->
<installfile>evnine.install.php</installfile>
<uninstallfile>evnine.uninstall.php</uninstallfile>
<files>
  <filename component="evnine">evnine.php</filename>
  <filename>evnine.controller.php</filename>
  <filename>evnine.config.php</filename>
  <filename>evnine.install.php</filename>
  <filename>evnine.demodata.php</filename>
  <filename>evnine.uninstall.php</filename>
	<folder>models</folder>
	<folder>debug</folder>
	<folder>controllers</folder>
</files>
 <administration>
 	<menu link="option=com_evnine">evnine Frontend</menu>
		<submenu>
			<menu view="config">Configurations</menu>
		</submenu>	
  <files folder="admin">
   <filename>index.html</filename>
   <filename>evnine.php</filename>
  </files>  
 </administration>
</install>
